Path;SteerAngle;Throttle;Brake;Speed;X_Position;Y_Position;Pitch;Yaw;Roll
/Users/carldgosselin/Desktop/robotics/Project 1 - RoboND-Rover-Project/carl_dataset/IMG/robocam_2018_03_11_19_03_33_693.jpg;0;0;1;0;99.66999;85.58897;0.0002360299;56.82556;-1.48449E-08
/Users/carldgosselin/Desktop/robotics/Project 1 - RoboND-Rover-Project/carl_dataset/IMG/robocam_2018_03_11_19_03_33_737.jpg;0;0;0;0;99.66999;85.58897;0.0002360603;56.82556;-1.171242E-07
/Users/carldgosselin/Desktop/robotics/Project 1 - RoboND-Rover-Project/carl_dataset/IMG/robocam_2018_03_11_19_03_33_799.jpg;0;0;0;0;99.66999;85.58897;0.0002360603;56.82556;-1.171242E-07
/Users/carldgosselin/Desktop/robotics/Project 1 - RoboND-Rover-Project/carl_dataset/IMG/robocam_2018_03_11_19_03_33_866.jpg;0;0;0;0;99.66999;85.58897;0.0002360603;56.82556;-1.171242E-07
/Users/carldgosselin/Desktop/robotics/Project 1 - RoboND-Rover-Project/carl_dataset/IMG/robocam_2018_03_11_19_03_33_933.jpg;0;0;0;0;99.66999;85.58897;0.0002360908;56.82556;-2.194035E-07
/Users/carldgosselin/Desktop/robotics/Project 1 - RoboND-Rover-Project/carl_dataset/IMG/robocam_2018_03_11_19_03_33_999.jpg;0;0;0;0;99.66999;85.58897;0.0002360451;56.82556;-6.598455E-08
/Users/carldgosselin/Desktop/robotics/Project 1 - RoboND-Rover-Project/carl_dataset/IMG/robocam_2018_03_11_19_03_34_066.jpg;0;0;0;0;99.66999;85.58897;0.0002360756;56.82556;-1.682639E-07
/Users/carldgosselin/Desktop/robotics/Project 1 - RoboND-Rover-Project/carl_dataset/IMG/robocam_2018_03_11_19_03_34_133.jpg;0;0;0;0;99.66999;85.58897;0.0002360299;56.82556;-1.48449E-08
/Users/carldgosselin/Desktop/robotics/Project 1 - RoboND-Rover-Project/carl_dataset/IMG/robocam_2018_03_11_19_03_34_199.jpg;0;0;0;0;99.66999;85.58897;0.0002360756;56.82556;-1.682639E-07
/Users/carldgosselin/Desktop/robotics/Project 1 - RoboND-Rover-Project/carl_dataset/IMG/robocam_2018_03_11_19_03_34_266.jpg;0;0;0;0;99.66999;85.58897;0.0002360603;56.82556;-1.171242E-07
/Users/carldgosselin/Desktop/robotics/Project 1 - RoboND-Rover-Project/carl_dataset/IMG/robocam_2018_03_11_19_03_34_333.jpg;0;0;0;0;99.66999;85.58897;0.0002360603;56.82556;-1.171242E-07
/Users/carldgosselin/Desktop/robotics/Project 1 - RoboND-Rover-Project/carl_dataset/IMG/robocam_2018_03_11_19_03_34_399.jpg;0;0;0;0;99.66999;85.58897;0.0002360603;56.82556;-1.171242E-07
/Users/carldgosselin/Desktop/robotics/Project 1 - RoboND-Rover-Project/carl_dataset/IMG/robocam_2018_03_11_19_03_34_466.jpg;0;0;0;0;99.66999;85.58897;0.0002358862;56.82556;-2.803334E-07
/Users/carldgosselin/Desktop/robotics/Project 1 - RoboND-Rover-Project/carl_dataset/IMG/robocam_2018_03_11_19_03_34_533.jpg;0;0;0;0;99.66999;85.58897;0.0002359319;56.82556;-4.337589E-07
/Users/carldgosselin/Desktop/robotics/Project 1 - RoboND-Rover-Project/carl_dataset/IMG/robocam_2018_03_11_19_03_34_600.jpg;0;0;0;0;99.66999;85.58897;0.0002358862;56.82556;-2.803334E-07
/Users/carldgosselin/Desktop/robotics/Project 1 - RoboND-Rover-Project/carl_dataset/IMG/robocam_2018_03_11_19_03_34_666.jpg;0;0;0;0;99.66999;85.58897;0.0002359167;56.82556;-3.826192E-07
/Users/carldgosselin/Desktop/robotics/Project 1 - RoboND-Rover-Project/carl_dataset/IMG/robocam_2018_03_11_19_03_34_733.jpg;0;0;0;0;99.66999;85.58897;0.0002359015;56.82556;-3.314796E-07
/Users/carldgosselin/Desktop/robotics/Project 1 - RoboND-Rover-Project/carl_dataset/IMG/robocam_2018_03_11_19_03_34_799.jpg;0;0;0;0;99.66999;85.58897;0.0002359015;56.82556;-3.314796E-07
/Users/carldgosselin/Desktop/robotics/Project 1 - RoboND-Rover-Project/carl_dataset/IMG/robocam_2018_03_11_19_03_34_866.jpg;0;0;0;0;99.66999;85.58897;0.0002359167;56.82556;-3.826192E-07
/Users/carldgosselin/Desktop/robotics/Project 1 - RoboND-Rover-Project/carl_dataset/IMG/robocam_2018_03_11_19_03_34_932.jpg;0;0;0;0;99.66999;85.58897;0.000235871;56.82556;-2.291937E-07
/Users/carldgosselin/Desktop/robotics/Project 1 - RoboND-Rover-Project/carl_dataset/IMG/robocam_2018_03_11_19_03_34_999.jpg;0;0;0;0;99.66999;85.58897;0.0002359167;56.82556;-3.826192E-07
/Users/carldgosselin/Desktop/robotics/Project 1 - RoboND-Rover-Project/carl_dataset/IMG/robocam_2018_03_11_19_03_35_067.jpg;0;0;0;0;99.66999;85.58897;0.0002359885;56.82556;-2.498685E-07
/Users/carldgosselin/Desktop/robotics/Project 1 - RoboND-Rover-Project/carl_dataset/IMG/robocam_2018_03_11_19_03_35_133.jpg;0;0.2000313;0;0;99.66991;85.58886;-0.003327531;56.82102;-1.463776E-06
/Users/carldgosselin/Desktop/robotics/Project 1 - RoboND-Rover-Project/carl_dataset/IMG/robocam_2018_03_11_19_03_35_199.jpg;0;0.399495;0;0;99.67104;85.59058;0.04081632;56.80968;-2.475944E-05
/Users/carldgosselin/Desktop/robotics/Project 1 - RoboND-Rover-Project/carl_dataset/IMG/robocam_2018_03_11_19_03_35_266.jpg;0;0.5996733;0;0.03892476;99.67416;85.59534;0.1579636;56.72644;0.0001660763
/Users/carldgosselin/Desktop/robotics/Project 1 - RoboND-Rover-Project/carl_dataset/IMG/robocam_2018_03_11_19_03_35_332.jpg;0;0.7993891;0;0.07567441;99.67822;85.60156;0.3023775;56.87112;-0.0004219502
/Users/carldgosselin/Desktop/robotics/Project 1 - RoboND-Rover-Project/carl_dataset/IMG/robocam_2018_03_11_19_03_35_399.jpg;0;0.9990031;0;0.1107491;99.68418;85.61063;0.4949931;56.63815;0.0003035945
/Users/carldgosselin/Desktop/robotics/Project 1 - RoboND-Rover-Project/carl_dataset/IMG/robocam_2018_03_11_19_03_35_466.jpg;0;1;0;0.1798456;99.69534;85.62758;0.8083603;56.66876;-0.0004763864
/Users/carldgosselin/Desktop/robotics/Project 1 - RoboND-Rover-Project/carl_dataset/IMG/robocam_2018_03_11_19_03_35_533.jpg;0;1;0;0.233775;99.70631;85.6441;1.080559;56.5201;0.0006609917
/Users/carldgosselin/Desktop/robotics/Project 1 - RoboND-Rover-Project/carl_dataset/IMG/robocam_2018_03_11_19_03_35_599.jpg;0;1;0;0.3012276;99.71833;85.66217;1.311568;56.40262;-0.001381848
/Users/carldgosselin/Desktop/robotics/Project 1 - RoboND-Rover-Project/carl_dataset/IMG/robocam_2018_03_11_19_03_35_666.jpg;0;1;0;0.3488477;99.72926;85.67918;1.278212;56.3859;-0.003165513
/Users/carldgosselin/Desktop/robotics/Project 1 - RoboND-Rover-Project/carl_dataset/IMG/robocam_2018_03_11_19_03_35_732.jpg;0;1;0;0.4137142;99.74591;85.70392;1.090131;56.42141;0.001313608
/Users/carldgosselin/Desktop/robotics/Project 1 - RoboND-Rover-Project/carl_dataset/IMG/robocam_2018_03_11_19_03_35_799.jpg;0;1;0;0.4904662;99.76163;85.72739;1.056212;56.48215;-0.0003898672
/Users/carldgosselin/Desktop/robotics/Project 1 - RoboND-Rover-Project/carl_dataset/IMG/robocam_2018_03_11_19_03_35_866.jpg;0;1;0;0.5200695;99.78556;85.76334;1.090118;56.46258;0.000910154
/Users/carldgosselin/Desktop/robotics/Project 1 - RoboND-Rover-Project/carl_dataset/IMG/robocam_2018_03_11_19_03_35_933.jpg;0;1;0;0.5639296;99.80581;85.79361;1.163955;56.3901;-0.0001877889
/Users/carldgosselin/Desktop/robotics/Project 1 - RoboND-Rover-Project/carl_dataset/IMG/robocam_2018_03_11_19_03_35_999.jpg;0;1;0;0.6306533;99.82734;85.82582;1.22716;56.39667;-0.0009295724
/Users/carldgosselin/Desktop/robotics/Project 1 - RoboND-Rover-Project/carl_dataset/IMG/robocam_2018_03_11_19_03_36_066.jpg;0;1;0;0.6734195;99.85816;85.87173;1.239481;56.44632;-0.000952207
/Users/carldgosselin/Desktop/robotics/Project 1 - RoboND-Rover-Project/carl_dataset/IMG/robocam_2018_03_11_19_03_36_132.jpg;0;1;0;0.7259047;99.8828;85.90855;1.206279;56.48343;-0.001059261
/Users/carldgosselin/Desktop/robotics/Project 1 - RoboND-Rover-Project/carl_dataset/IMG/robocam_2018_03_11_19_03_36_199.jpg;0;1;0;0.7993789;99.90932;85.94837;1.193609;56.5652;-0.0001727399
/Users/carldgosselin/Desktop/robotics/Project 1 - RoboND-Rover-Project/carl_dataset/IMG/robocam_2018_03_11_19_03_36_266.jpg;0;1;0;0.8520277;99.94774;86.00593;1.214449;56.54104;-0.00154018
/Users/carldgosselin/Desktop/robotics/Project 1 - RoboND-Rover-Project/carl_dataset/IMG/robocam_2018_03_11_19_03_36_332.jpg;0;1;0;0.9079939;99.97865;86.05231;1.231314;56.52892;-0.0006699401
/Users/carldgosselin/Desktop/robotics/Project 1 - RoboND-Rover-Project/carl_dataset/IMG/robocam_2018_03_11_19_03_36_399.jpg;0;1;0;0.9560974;100.011;86.1009;1.232017;56.53732;-0.001080247
/Users/carldgosselin/Desktop/robotics/Project 1 - RoboND-Rover-Project/carl_dataset/IMG/robocam_2018_03_11_19_03_36_465.jpg;0;1;0;1.020856;100.0449;86.1517;1.218956;56.51716;-0.0006516301
/Users/carldgosselin/Desktop/robotics/Project 1 - RoboND-Rover-Project/carl_dataset/IMG/robocam_2018_03_11_19_03_36_532.jpg;0;1;0;1.06192;100.0925;86.22305;1.220579;56.55826;-0.001219439
/Users/carldgosselin/Desktop/robotics/Project 1 - RoboND-Rover-Project/carl_dataset/IMG/robocam_2018_03_11_19_03_36_599.jpg;0;1;0;1.114599;100.1301;86.27952;1.227924;56.58408;-0.001153339
/Users/carldgosselin/Desktop/robotics/Project 1 - RoboND-Rover-Project/carl_dataset/IMG/robocam_2018_03_11_19_03_36_666.jpg;0;1;0;1.171136;100.1691;86.33806;1.222856;56.56621;-0.0005926272
/Users/carldgosselin/Desktop/robotics/Project 1 - RoboND-Rover-Project/carl_dataset/IMG/robocam_2018_03_11_19_03_36_732.jpg;0;1;0;1.220052;100.2237;86.42011;1.233438;56.5248;-0.0006741037
/Users/carldgosselin/Desktop/robotics/Project 1 - RoboND-Rover-Project/carl_dataset/IMG/robocam_2018_03_11_19_03_36_799.jpg;0;1;0;1.268367;100.2664;86.4842;1.231573;56.51483;-0.0009317356
/Users/carldgosselin/Desktop/robotics/Project 1 - RoboND-Rover-Project/carl_dataset/IMG/robocam_2018_03_11_19_03_36_865.jpg;0;1;0;1.332247;100.3109;86.55087;1.238115;56.48222;-0.0007812518
/Users/carldgosselin/Desktop/robotics/Project 1 - RoboND-Rover-Project/carl_dataset/IMG/robocam_2018_03_11_19_03_36_932.jpg;0;1;0;1.378903;100.3726;86.6433;1.243447;56.45866;-0.0008747103
/Users/carldgosselin/Desktop/robotics/Project 1 - RoboND-Rover-Project/carl_dataset/IMG/robocam_2018_03_11_19_03_36_999.jpg;0;1;0;1.426375;100.4208;86.71534;1.246308;56.44339;-0.0009124196
/Users/carldgosselin/Desktop/robotics/Project 1 - RoboND-Rover-Project/carl_dataset/IMG/robocam_2018_03_11_19_03_37_065.jpg;0;1;0;1.489376;100.4705;86.78973;1.25019;56.43134;-0.0009720391
/Users/carldgosselin/Desktop/robotics/Project 1 - RoboND-Rover-Project/carl_dataset/IMG/robocam_2018_03_11_19_03_37_132.jpg;0;1;0;1.536205;100.5394;86.89253;1.25564;56.41461;-0.0009760442
/Users/carldgosselin/Desktop/robotics/Project 1 - RoboND-Rover-Project/carl_dataset/IMG/robocam_2018_03_11_19_03_37_199.jpg;0;1;0;1.583506;100.5928;86.97228;1.257868;56.40437;-0.0009888281
/Users/carldgosselin/Desktop/robotics/Project 1 - RoboND-Rover-Project/carl_dataset/IMG/robocam_2018_03_11_19_03_37_265.jpg;0;1;0;1.645169;100.6478;87.0544;1.263053;56.39223;-0.001013462
/Users/carldgosselin/Desktop/robotics/Project 1 - RoboND-Rover-Project/carl_dataset/IMG/robocam_2018_03_11_19_03_37_332.jpg;0;1;0;1.690553;100.7235;87.16741;1.269372;56.37777;-0.001030411
/Users/carldgosselin/Desktop/robotics/Project 1 - RoboND-Rover-Project/carl_dataset/IMG/robocam_2018_03_11_19_03_37_399.jpg;0;1;0;1.737278;100.7822;87.25482;1.273334;56.36572;-0.001034656
/Users/carldgosselin/Desktop/robotics/Project 1 - RoboND-Rover-Project/carl_dataset/IMG/robocam_2018_03_11_19_03_37_466.jpg;0;1;0;1.797488;100.8424;87.34453;1.279469;56.35474;-0.001053339
/Users/carldgosselin/Desktop/robotics/Project 1 - RoboND-Rover-Project/carl_dataset/IMG/robocam_2018_03_11_19_03_37_532.jpg;0;1;0;1.843843;100.925;87.4676;1.283809;56.34111;-0.001093451
/Users/carldgosselin/Desktop/robotics/Project 1 - RoboND-Rover-Project/carl_dataset/IMG/robocam_2018_03_11_19_03_37_599.jpg;0;1;0;1.904194;100.9888;87.56255;1.288601;56.33012;-0.001108452
/Users/carldgosselin/Desktop/robotics/Project 1 - RoboND-Rover-Project/carl_dataset/IMG/robocam_2018_03_11_19_03_37_666.jpg;0;1;0;1.949367;101.0762;87.69261;1.294075;56.31445;-0.001112217
/Users/carldgosselin/Desktop/robotics/Project 1 - RoboND-Rover-Project/carl_dataset/IMG/robocam_2018_03_11_19_03_37_732.jpg;0;1;0;1.99439;101.1435;87.79273;1.296508;56.3033;-0.001125322
/Users/carldgosselin/Desktop/robotics/Project 1 - RoboND-Rover-Project/carl_dataset/IMG/robocam_2018_03_11_19_03_37_799.jpg;0;1;0;2.039253;101.2124;87.89509;1.300448;56.29301;-0.001169518
/Users/carldgosselin/Desktop/robotics/Project 1 - RoboND-Rover-Project/carl_dataset/IMG/robocam_2018_03_11_19_03_37_866.jpg;0;1;0;2.098752;101.3065;88.035;1.305147;56.27822;-0.001193778
/Users/carldgosselin/Desktop/robotics/Project 1 - RoboND-Rover-Project/carl_dataset/IMG/robocam_2018_03_11_19_03_37_932.jpg;0;1;0;2.143287;101.3789;88.14252;1.309442;56.26564;-0.001204696
/Users/carldgosselin/Desktop/robotics/Project 1 - RoboND-Rover-Project/carl_dataset/IMG/robocam_2018_03_11_19_03_37_999.jpg;0;1;0;2.187392;101.4528;88.25218;1.311983;56.25508;-0.001208326
/Users/carldgosselin/Desktop/robotics/Project 1 - RoboND-Rover-Project/carl_dataset/IMG/robocam_2018_03_11_19_03_38_066.jpg;0;1;0;2.246274;101.5282;88.36407;1.317106;56.24326;-0.001239073
/Users/carldgosselin/Desktop/robotics/Project 1 - RoboND-Rover-Project/carl_dataset/IMG/robocam_2018_03_11_19_03_38_132.jpg;0;1;0;2.290342;101.6311;88.51654;1.3175;56.22805;-0.001236191
/Users/carldgosselin/Desktop/robotics/Project 1 - RoboND-Rover-Project/carl_dataset/IMG/robocam_2018_03_11_19_03_38_199.jpg;-1.501694;1;0;2.333957;101.7102;88.6332;1.319323;56.14428;-0.000922747
/Users/carldgosselin/Desktop/robotics/Project 1 - RoboND-Rover-Project/carl_dataset/IMG/robocam_2018_03_11_19_03_38_266.jpg;-4.49815;1;0;2.391737;101.8201;88.7906;1.317825;55.62619;0.001110439
/Users/carldgosselin/Desktop/robotics/Project 1 - RoboND-Rover-Project/carl_dataset/IMG/robocam_2018_03_11_19_03_38_336.jpg;-7.502085;1;0;2.43382;101.9067;88.90926;1.31602;54.83469;0.0004683384
/Users/carldgosselin/Desktop/robotics/Project 1 - RoboND-Rover-Project/carl_dataset/IMG/robocam_2018_03_11_19_03_38_403.jpg;-10.50088;1;0;2.474373;101.998;89.02706;1.299133;53.63053;359.9573
/Users/carldgosselin/Desktop/robotics/Project 1 - RoboND-Rover-Project/carl_dataset/IMG/robocam_2018_03_11_19_03_38_466.jpg;-13.50153;1;0;2.526504;102.094;89.14303;1.234522;52.04884;359.8814
/Users/carldgosselin/Desktop/robotics/Project 1 - RoboND-Rover-Project/carl_dataset/IMG/robocam_2018_03_11_19_03_38_533.jpg;-15;1;0;2.563883;102.23;89.29286;1.044579;49.40667;359.7227
/Users/carldgosselin/Desktop/robotics/Project 1 - RoboND-Rover-Project/carl_dataset/IMG/robocam_2018_03_11_19_03_38_599.jpg;-15;1;0;2.603219;102.3379;89.40216;0.8556393;47.34065;359.5598
/Users/carldgosselin/Desktop/robotics/Project 1 - RoboND-Rover-Project/carl_dataset/IMG/robocam_2018_03_11_19_03_38_665.jpg;-15;1;0;2.654557;102.4508;89.50881;0.634806;45.26385;359.3706
/Users/carldgosselin/Desktop/robotics/Project 1 - RoboND-Rover-Project/carl_dataset/IMG/robocam_2018_03_11_19_03_38_733.jpg;-11.98869;1;0;2.694741;102.6081;89.64821;0.3192134;42.75902;359.1128
/Users/carldgosselin/Desktop/robotics/Project 1 - RoboND-Rover-Project/carl_dataset/IMG/robocam_2018_03_11_19_03_38_799.jpg;-8.991288;0.8001733;0;2.734762;102.7303;89.75178;0.0782435;41.25584;358.9509
/Users/carldgosselin/Desktop/robotics/Project 1 - RoboND-Rover-Project/carl_dataset/IMG/robocam_2018_03_11_19_03_38_865.jpg;-6.001532;0.6008562;0;2.77408;102.8559;89.85584;359.9114;40.13432;358.8492
/Users/carldgosselin/Desktop/robotics/Project 1 - RoboND-Rover-Project/carl_dataset/IMG/robocam_2018_03_11_19_03_38_932.jpg;-2.992249;0.4002373;0;2.789065;103.0284;89.99817;359.9436;39.25307;358.9192
/Users/carldgosselin/Desktop/robotics/Project 1 - RoboND-Rover-Project/carl_dataset/IMG/robocam_2018_03_11_19_03_38_999.jpg;0;0.2001821;0;2.800118;103.1593;90.10521;0.01164958;39.00781;359.0327
/Users/carldgosselin/Desktop/robotics/Project 1 - RoboND-Rover-Project/carl_dataset/IMG/robocam_2018_03_11_19_03_39_066.jpg;0;0.0001572371;0;2.798822;103.29;90.21138;0.04017376;38.95628;359.1473
/Users/carldgosselin/Desktop/robotics/Project 1 - RoboND-Rover-Project/carl_dataset/IMG/robocam_2018_03_11_19_03_39_133.jpg;0;0;0;2.790464;103.4635;90.35176;0.04331739;38.94365;359.3028
/Users/carldgosselin/Desktop/robotics/Project 1 - RoboND-Rover-Project/carl_dataset/IMG/robocam_2018_03_11_19_03_39_199.jpg;0;0;0;2.77824;103.5928;90.4563;0.02095945;38.94183;359.4225
/Users/carldgosselin/Desktop/robotics/Project 1 - RoboND-Rover-Project/carl_dataset/IMG/robocam_2018_03_11_19_03_39_266.jpg;0;0;0;2.769064;103.7643;90.59478;359.9644;38.9409;359.5825
/Users/carldgosselin/Desktop/robotics/Project 1 - RoboND-Rover-Project/carl_dataset/IMG/robocam_2018_03_11_19_03_39_333.jpg;0;0;0;2.759875;103.8922;90.69804;359.9061;38.94041;359.6997
/Users/carldgosselin/Desktop/robotics/Project 1 - RoboND-Rover-Project/carl_dataset/IMG/robocam_2018_03_11_19_03_39_399.jpg;0;0;0;2.7476;104.0195;90.80081;359.8381;38.93998;359.8121
/Users/carldgosselin/Desktop/robotics/Project 1 - RoboND-Rover-Project/carl_dataset/IMG/robocam_2018_03_11_19_03_39_466.jpg;0;0;0;2.738374;104.1886;90.93717;359.7379;38.93948;359.9514
/Users/carldgosselin/Desktop/robotics/Project 1 - RoboND-Rover-Project/carl_dataset/IMG/robocam_2018_03_11_19_03_39_533.jpg;0;0;0;2.729133;104.3148;91.03898;359.6595;38.93917;0.04613323
/Users/carldgosselin/Desktop/robotics/Project 1 - RoboND-Rover-Project/carl_dataset/IMG/robocam_2018_03_11_19_03_39_599.jpg;0;0;0;2.716271;104.4412;91.14044;359.605;38.93033;0.1071901
/Users/carldgosselin/Desktop/robotics/Project 1 - RoboND-Rover-Project/carl_dataset/IMG/robocam_2018_03_11_19_03_39_667.jpg;0;0;0;2.706544;104.6091;91.27551;359.5562;38.92043;0.1607528
/Users/carldgosselin/Desktop/robotics/Project 1 - RoboND-Rover-Project/carl_dataset/IMG/robocam_2018_03_11_19_03_39_733.jpg;0;0;0;2.6973;104.7348;91.37649;359.5336;38.91216;0.1799082
/Users/carldgosselin/Desktop/robotics/Project 1 - RoboND-Rover-Project/carl_dataset/IMG/robocam_2018_03_11_19_03_39_799.jpg;0;0;0;2.684554;104.86;91.47733;359.5131;38.90952;0.1958232
/Users/carldgosselin/Desktop/robotics/Project 1 - RoboND-Rover-Project/carl_dataset/IMG/robocam_2018_03_11_19_03_39_866.jpg;0;0.100104;0;2.674947;105.0267;91.61139;359.5109;38.9012;0.1857655
/Users/carldgosselin/Desktop/robotics/Project 1 - RoboND-Rover-Project/carl_dataset/IMG/robocam_2018_03_11_19_03_39_933.jpg;0;0.3003781;0;2.671073;105.1517;91.71218;359.5237;38.90032;0.1790787
/Users/carldgosselin/Desktop/robotics/Project 1 - RoboND-Rover-Project/carl_dataset/IMG/robocam_2018_03_11_19_03_39_999.jpg;0;0.5001329;0;2.680986;105.2775;91.81365;359.5681;38.90004;0.1695752
/Users/carldgosselin/Desktop/robotics/Project 1 - RoboND-Rover-Project/carl_dataset/IMG/robocam_2018_03_11_19_03_40_066.jpg;0;0.7003741;0;2.698851;105.4476;91.95087;359.6997;38.89972;0.1530505
/Users/carldgosselin/Desktop/robotics/Project 1 - RoboND-Rover-Project/carl_dataset/IMG/robocam_2018_03_11_19_03_40_133.jpg;0;0.9003689;0;2.72492;105.5777;92.05576;359.8649;38.89941;0.1383735
/Users/carldgosselin/Desktop/robotics/Project 1 - RoboND-Rover-Project/carl_dataset/IMG/robocam_2018_03_11_19_03_40_199.jpg;0;1;0;2.774218;105.7103;92.16277;0.09378781;38.89901;0.1222671
/Users/carldgosselin/Desktop/robotics/Project 1 - RoboND-Rover-Project/carl_dataset/IMG/robocam_2018_03_11_19_03_40_266.jpg;0;1;0;2.814398;105.8912;92.30837;0.4649386;38.89243;0.0842866
/Users/carldgosselin/Desktop/robotics/Project 1 - RoboND-Rover-Project/carl_dataset/IMG/robocam_2018_03_11_19_03_40_333.jpg;0;1;0;2.855019;106.0294;92.41924;0.7546783;38.87832;0.02717304
/Users/carldgosselin/Desktop/robotics/Project 1 - RoboND-Rover-Project/carl_dataset/IMG/robocam_2018_03_11_19_03_40_399.jpg;0;1;0;2.909499;106.1692;92.53205;1.044642;38.8768;-0.002703416
/Users/carldgosselin/Desktop/robotics/Project 1 - RoboND-Rover-Project/carl_dataset/IMG/robocam_2018_03_11_19_03_40_466.jpg;0;1;0;2.950608;106.358;92.68497;1.405949;38.88811;-0.003220603
/Users/carldgosselin/Desktop/robotics/Project 1 - RoboND-Rover-Project/carl_dataset/IMG/robocam_2018_03_11_19_03_40_533.jpg;0;1;0;2.98981;106.4985;92.79828;1.429242;38.85587;-0.003866342
/Users/carldgosselin/Desktop/robotics/Project 1 - RoboND-Rover-Project/carl_dataset/IMG/robocam_2018_03_11_19_03_40_599.jpg;0;1;0;3.056777;106.6405;92.91212;1.342287;38.81412;-0.0008999642
/Users/carldgosselin/Desktop/robotics/Project 1 - RoboND-Rover-Project/carl_dataset/IMG/robocam_2018_03_11_19_03_40_666.jpg;0;1;0;3.096858;106.8339;93.06651;1.287184;38.78412;-0.0008792352
/Users/carldgosselin/Desktop/robotics/Project 1 - RoboND-Rover-Project/carl_dataset/IMG/robocam_2018_03_11_19_03_40_733.jpg;-1.492199;1;0;3.136805;106.982;93.18407;1.285198;38.69253;-0.0006006741
/Users/carldgosselin/Desktop/robotics/Project 1 - RoboND-Rover-Project/carl_dataset/IMG/robocam_2018_03_11_19_03_40_799.jpg;-4.49748;1;0;3.189642;107.1333;93.30205;1.308683;38.33325;6.527736E-05
/Users/carldgosselin/Desktop/robotics/Project 1 - RoboND-Rover-Project/carl_dataset/IMG/robocam_2018_03_11_19_03_40_866.jpg;-4.500988;1;0;3.228134;107.3404;93.45894;1.36344;37.4125;-0.0002449957
/Users/carldgosselin/Desktop/robotics/Project 1 - RoboND-Rover-Project/carl_dataset/IMG/robocam_2018_03_11_19_03_40_933.jpg;-1.504526;1;0;3.267734;107.4982;93.57755;1.386062;36.9171;-0.001350531
/Users/carldgosselin/Desktop/robotics/Project 1 - RoboND-Rover-Project/carl_dataset/IMG/robocam_2018_03_11_19_03_40_999.jpg;0;1;0;3.323082;107.6576;93.6974;1.386552;36.73962;-0.002290438
/Users/carldgosselin/Desktop/robotics/Project 1 - RoboND-Rover-Project/carl_dataset/IMG/robocam_2018_03_11_19_03_41_066.jpg;0;1;0;3.3618;107.8737;93.85896;1.395994;36.68007;-0.00244161
/Users/carldgosselin/Desktop/robotics/Project 1 - RoboND-Rover-Project/carl_dataset/IMG/robocam_2018_03_11_19_03_41_133.jpg;0;1;0;3.401599;108.0383;93.98138;1.399531;36.66377;-0.00250257
/Users/carldgosselin/Desktop/robotics/Project 1 - RoboND-Rover-Project/carl_dataset/IMG/robocam_2018_03_11_19_03_41_199.jpg;0;1;0;3.45535;108.205;94.10499;1.40236;36.65572;-0.001999603
/Users/carldgosselin/Desktop/robotics/Project 1 - RoboND-Rover-Project/carl_dataset/IMG/robocam_2018_03_11_19_03_41_266.jpg;0;1;0;3.494871;108.3737;94.22989;1.406935;36.64716;-0.001745906
/Users/carldgosselin/Desktop/robotics/Project 1 - RoboND-Rover-Project/carl_dataset/IMG/robocam_2018_03_11_19_03_41_333.jpg;0;1;0;3.534273;108.6017;94.39836;1.410739;36.63217;-0.001386895
/Users/carldgosselin/Desktop/robotics/Project 1 - RoboND-Rover-Project/carl_dataset/IMG/robocam_2018_03_11_19_03_41_399.jpg;0;1;0;3.58673;108.775;94.52619;1.413632;36.61746;-0.001235413
/Users/carldgosselin/Desktop/robotics/Project 1 - RoboND-Rover-Project/carl_dataset/IMG/robocam_2018_03_11_19_03_41_466.jpg;0;1;0;3.625859;109.0092;94.69866;1.417206;36.59414;-0.001568648
/Users/carldgosselin/Desktop/robotics/Project 1 - RoboND-Rover-Project/carl_dataset/IMG/robocam_2018_03_11_19_03_41_533.jpg;0;1;0;3.664859;109.1871;94.82956;1.41956;36.57652;-0.001583009
/Users/carldgosselin/Desktop/robotics/Project 1 - RoboND-Rover-Project/carl_dataset/IMG/robocam_2018_03_11_19_03_41_599.jpg;0;1;0;3.716453;109.367;94.96179;1.424124;36.55758;-0.001696332
/Users/carldgosselin/Desktop/robotics/Project 1 - RoboND-Rover-Project/carl_dataset/IMG/robocam_2018_03_11_19_03_41_667.jpg;0;1;0;3.755172;109.6097;95.14015;1.428859;36.53421;-0.001250313
/Users/carldgosselin/Desktop/robotics/Project 1 - RoboND-Rover-Project/carl_dataset/IMG/robocam_2018_03_11_19_03_41_732.jpg;0;1;0;3.793763;109.794;95.27543;1.432166;36.51413;-0.001615524
/Users/carldgosselin/Desktop/robotics/Project 1 - RoboND-Rover-Project/carl_dataset/IMG/robocam_2018_03_11_19_03_41_800.jpg;0;1;0;3.832227;109.9801;95.41199;1.432866;36.49509;-0.001635381
/Users/carldgosselin/Desktop/robotics/Project 1 - RoboND-Rover-Project/carl_dataset/IMG/robocam_2018_03_11_19_03_41_866.jpg;0;1;0;3.883098;110.1682;95.5499;1.438533;36.47584;-0.001272577
/Users/carldgosselin/Desktop/robotics/Project 1 - RoboND-Rover-Project/carl_dataset/IMG/robocam_2018_03_11_19_03_41_933.jpg;0;1;0;3.921271;110.4219;95.73574;1.443563;36.44909;-0.001187496
/Users/carldgosselin/Desktop/robotics/Project 1 - RoboND-Rover-Project/carl_dataset/IMG/robocam_2018_03_11_19_03_41_999.jpg;0;1;0;3.971768;110.6144;95.87659;1.446341;36.42801;-0.001309786
/Users/carldgosselin/Desktop/robotics/Project 1 - RoboND-Rover-Project/carl_dataset/IMG/robocam_2018_03_11_19_03_42_066.jpg;0;1;0;4.010035;110.8088;96.0187;1.448072;36.40644;-0.001685354
/Users/carldgosselin/Desktop/robotics/Project 1 - RoboND-Rover-Project/carl_dataset/IMG/robocam_2018_03_11_19_03_42_133.jpg;0;1;0;4.047108;111.0708;96.21017;1.452517;36.37779;-0.001708096
/Users/carldgosselin/Desktop/robotics/Project 1 - RoboND-Rover-Project/carl_dataset/IMG/robocam_2018_03_11_19_03_42_199.jpg;0;1;0;4.097062;111.2696;96.35525;1.456847;36.35677;-0.001337655
/Users/carldgosselin/Desktop/robotics/Project 1 - RoboND-Rover-Project/carl_dataset/IMG/robocam_2018_03_11_19_03_42_266.jpg;0;1;0;4.13491;111.5375;96.5506;1.459934;36.32722;-0.001343849
/Users/carldgosselin/Desktop/robotics/Project 1 - RoboND-Rover-Project/carl_dataset/IMG/robocam_2018_03_11_19_03_42_333.jpg;0;1;0;4.171944;111.7405;96.69854;1.462987;36.30293;-0.001860339
/Users/carldgosselin/Desktop/robotics/Project 1 - RoboND-Rover-Project/carl_dataset/IMG/robocam_2018_03_11_19_03_42_399.jpg;0;1;0;4.221365;111.9455;96.84772;1.466937;36.2803;-0.001757749
/Users/carldgosselin/Desktop/robotics/Project 1 - RoboND-Rover-Project/carl_dataset/IMG/robocam_2018_03_11_19_03_42_466.jpg;0;1;0;4.257774;112.1523;96.99815;1.470462;36.25766;-0.001388533
/Users/carldgosselin/Desktop/robotics/Project 1 - RoboND-Rover-Project/carl_dataset/IMG/robocam_2018_03_11_19_03_42_533.jpg;0;1;0;4.294418;112.4309;97.20053;1.472809;36.22601;-0.001417839
/Users/carldgosselin/Desktop/robotics/Project 1 - RoboND-Rover-Project/carl_dataset/IMG/robocam_2018_03_11_19_03_42_599.jpg;0;1;0;4.343657;112.642;97.35377;1.478826;36.20019;-0.001800194
/Users/carldgosselin/Desktop/robotics/Project 1 - RoboND-Rover-Project/carl_dataset/IMG/robocam_2018_03_11_19_03_42_666.jpg;0;1;0;4.379684;112.9263;97.55989;1.481315;36.16721;-0.00182758
/Users/carldgosselin/Desktop/robotics/Project 1 - RoboND-Rover-Project/carl_dataset/IMG/robocam_2018_03_11_19_03_42_733.jpg;0;1;0;4.416608;113.1417;97.71593;1.488053;36.14277;-0.001330094
/Users/carldgosselin/Desktop/robotics/Project 1 - RoboND-Rover-Project/carl_dataset/IMG/robocam_2018_03_11_19_03_42_799.jpg;0;1;0;4.464304;113.3589;97.87304;1.486578;36.11724;-0.001459484
/Users/carldgosselin/Desktop/robotics/Project 1 - RoboND-Rover-Project/carl_dataset/IMG/robocam_2018_03_11_19_03_42_866.jpg;0;1;0;4.500617;113.6514;98.08447;1.496845;36.07898;-0.001258945
/Users/carldgosselin/Desktop/robotics/Project 1 - RoboND-Rover-Project/carl_dataset/IMG/robocam_2018_03_11_19_03_42_933.jpg;0;1;0;4.536958;113.8727;98.24423;1.48787;36.04548;-0.001340076
/Users/carldgosselin/Desktop/robotics/Project 1 - RoboND-Rover-Project/carl_dataset/IMG/robocam_2018_03_11_19_03_42_999.jpg;0;1;0;4.572554;114.096;98.40524;1.490136;36.01281;-0.001344508
/Users/carldgosselin/Desktop/robotics/Project 1 - RoboND-Rover-Project/carl_dataset/IMG/robocam_2018_03_11_19_03_43_066.jpg;0;1;0;4.619563;114.3212;98.56746;1.502721;35.98033;-0.001381614
/Users/carldgosselin/Desktop/robotics/Project 1 - RoboND-Rover-Project/carl_dataset/IMG/robocam_2018_03_11_19_03_43_133.jpg;0;1;0;4.655816;114.624;98.78519;1.486474;35.93734;-0.001374184
/Users/carldgosselin/Desktop/robotics/Project 1 - RoboND-Rover-Project/carl_dataset/IMG/robocam_2018_03_11_19_03_43_199.jpg;0;1;0;4.70264;114.8532;98.94987;1.482374;35.90474;-0.001373114
/Users/carldgosselin/Desktop/robotics/Project 1 - RoboND-Rover-Project/carl_dataset/IMG/robocam_2018_03_11_19_03_43_266.jpg;0;1;0;4.737469;115.1619;99.17129;1.493199;35.86095;-0.001407871
/Users/carldgosselin/Desktop/robotics/Project 1 - RoboND-Rover-Project/carl_dataset/IMG/robocam_2018_03_11_19_03_43_333.jpg;0;1;0;4.772197;115.3957;99.33871;1.510848;35.82777;-0.001439216
/Users/carldgosselin/Desktop/robotics/Project 1 - RoboND-Rover-Project/carl_dataset/IMG/robocam_2018_03_11_19_03_43_399.jpg;0;1;0;4.819413;115.6309;99.507;1.503013;35.79457;-0.001557659
/Users/carldgosselin/Desktop/robotics/Project 1 - RoboND-Rover-Project/carl_dataset/IMG/robocam_2018_03_11_19_03_43_466.jpg;0;1;0;4.854072;115.9474;99.73309;1.497611;35.74969;-0.001443424
/Users/carldgosselin/Desktop/robotics/Project 1 - RoboND-Rover-Project/carl_dataset/IMG/robocam_2018_03_11_19_03_43_533.jpg;0;1;0;4.888409;116.187;99.90399;1.504051;35.71565;-0.001456559
/Users/carldgosselin/Desktop/robotics/Project 1 - RoboND-Rover-Project/carl_dataset/IMG/robocam_2018_03_11_19_03_43_599.jpg;0;1;0;4.92264;116.4284;100.076;1.51753;35.6813;-0.001471995
/Users/carldgosselin/Desktop/robotics/Project 1 - RoboND-Rover-Project/carl_dataset/IMG/robocam_2018_03_11_19_03_43_666.jpg;-1.511146;1;0;4.969121;116.7529;100.3065;1.502586;35.58466;-0.001129611
/Users/carldgosselin/Desktop/robotics/Project 1 - RoboND-Rover-Project/carl_dataset/IMG/robocam_2018_03_11_19_03_43_733.jpg;-4.514759;1;0;5.003223;116.999;100.479;1.492712;35.24899;-0.0001496212
/Users/carldgosselin/Desktop/robotics/Project 1 - RoboND-Rover-Project/carl_dataset/IMG/robocam_2018_03_11_19_03_43_799.jpg;-7.50753;1;0;5.010987;117.247;100.6492;1.490125;34.54464;0.0003544359
/Users/carldgosselin/Desktop/robotics/Project 1 - RoboND-Rover-Project/carl_dataset/IMG/robocam_2018_03_11_19_03_43_866.jpg;-10.50925;1;0;5.007235;117.4977;100.8159;1.495349;33.53086;359.9704
/Users/carldgosselin/Desktop/robotics/Project 1 - RoboND-Rover-Project/carl_dataset/IMG/robocam_2018_03_11_19_03_43_933.jpg;-13.51197;1;0;5.017293;117.8349;101.0282;1.357853;31.40792;359.8525
/Users/carldgosselin/Desktop/robotics/Project 1 - RoboND-Rover-Project/carl_dataset/IMG/robocam_2018_03_11_19_03_43_999.jpg;-10.51668;1;0;5.015192;118.0905;101.1799;1.145284;29.67797;359.7173
/Users/carldgosselin/Desktop/robotics/Project 1 - RoboND-Rover-Project/carl_dataset/IMG/robocam_2018_03_11_19_03_44_066.jpg;-7.513651;1;0;5.010229;118.3487;101.3245;0.8906091;28.25582;359.5026
/Users/carldgosselin/Desktop/robotics/Project 1 - RoboND-Rover-Project/carl_dataset/IMG/robocam_2018_03_11_19_03_44_132.jpg;-4.521646;1;0;5.012115;118.6958;101.5102;0.4955564;26.87753;359.2073
/Users/carldgosselin/Desktop/robotics/Project 1 - RoboND-Rover-Project/carl_dataset/IMG/robocam_2018_03_11_19_03_44_199.jpg;-1.531171;1;0;5.011592;118.958;101.6456;0.1867971;26.2683;359.0096
/Users/carldgosselin/Desktop/robotics/Project 1 - RoboND-Rover-Project/carl_dataset/IMG/robocam_2018_03_11_19_03_44_266.jpg;0;1;0;5.010978;119.2222;101.7796;359.9403;26.03399;358.8661
/Users/carldgosselin/Desktop/robotics/Project 1 - RoboND-Rover-Project/carl_dataset/IMG/robocam_2018_03_11_19_03_44_332.jpg;-1.493234;1;0;5.012462;119.5798;101.9606;359.9385;26.0112;358.899
/Users/carldgosselin/Desktop/robotics/Project 1 - RoboND-Rover-Project/carl_dataset/IMG/robocam_2018_03_11_19_03_44_399.jpg;-4.506835;1;0;5.0093;119.8514;102.0938;0.04775221;25.73981;358.9437
/Users/carldgosselin/Desktop/robotics/Project 1 - RoboND-Rover-Project/carl_dataset/IMG/robocam_2018_03_11_19_03_44_465.jpg;-7.50474;1;0;5.004258;120.1246;102.2229;0.1442923;25.09245;358.965
/Users/carldgosselin/Desktop/robotics/Project 1 - RoboND-Rover-Project/carl_dataset/IMG/robocam_2018_03_11_19_03_44_532.jpg;-10.49458;1;0;5.021414;120.4915;102.3864;0.2116167;23.59095;358.9436
/Users/carldgosselin/Desktop/robotics/Project 1 - RoboND-Rover-Project/carl_dataset/IMG/robocam_2018_03_11_19_03_44_599.jpg;-10.50552;1;0;5.004959;120.7667;102.5022;0.1326922;22.12238;358.9453
/Users/carldgosselin/Desktop/robotics/Project 1 - RoboND-Rover-Project/carl_dataset/IMG/robocam_2018_03_11_19_03_44_665.jpg;-7.516714;1;0;5.011719;121.0441;102.6115;0.00788604;20.7235;358.9087
/Users/carldgosselin/Desktop/robotics/Project 1 - RoboND-Rover-Project/carl_dataset/IMG/robocam_2018_03_11_19_03_44_732.jpg;-4.525294;1;0;5.009302;121.4196;102.7509;0.01547427;19.42402;358.8429
/Users/carldgosselin/Desktop/robotics/Project 1 - RoboND-Rover-Project/carl_dataset/IMG/robocam_2018_03_11_19_03_44_799.jpg;-1.507455;1;0;5.014489;121.702;102.8529;0.004487328;18.8573;358.8889
/Users/carldgosselin/Desktop/robotics/Project 1 - RoboND-Rover-Project/carl_dataset/IMG/robocam_2018_03_11_19_03_44_865.jpg;-4.510258;1;0;5.011568;121.9861;102.9513;0.009272409;18.4005;358.9496
/Users/carldgosselin/Desktop/robotics/Project 1 - RoboND-Rover-Project/carl_dataset/IMG/robocam_2018_03_11_19_03_44_932.jpg;-7.511489;1;0;5.011191;122.368;103.0744;0.04813283;17.4335;358.9374
/Users/carldgosselin/Desktop/robotics/Project 1 - RoboND-Rover-Project/carl_dataset/IMG/robocam_2018_03_11_19_03_44_998.jpg;-10.49769;1;0;5.010155;122.6559;103.1606;0.06220431;16.34904;358.8953
/Users/carldgosselin/Desktop/robotics/Project 1 - RoboND-Rover-Project/carl_dataset/IMG/robocam_2018_03_11_19_03_45_065.jpg;-13.4905;1;0;5.010096;122.9444;103.2408;0.01944469;14.92422;358.8625
/Users/carldgosselin/Desktop/robotics/Project 1 - RoboND-Rover-Project/carl_dataset/IMG/robocam_2018_03_11_19_03_45_132.jpg;-15;1;0;5.009277;123.333;103.3352;0.02038902;12.57519;358.7852
/Users/carldgosselin/Desktop/robotics/Project 1 - RoboND-Rover-Project/carl_dataset/IMG/robocam_2018_03_11_19_03_45_198.jpg;-13.48859;0.8992391;0;5.004708;123.6256;103.3991;0.01547417;10.79572;358.8324
/Users/carldgosselin/Desktop/robotics/Project 1 - RoboND-Rover-Project/carl_dataset/IMG/robocam_2018_03_11_19_03_45_265.jpg;-10.49136;0.6994241;0;5.005776;123.9207;103.4531;0.01135871;9.060555;358.8482
/Users/carldgosselin/Desktop/robotics/Project 1 - RoboND-Rover-Project/carl_dataset/IMG/robocam_2018_03_11_19_03_45_332.jpg;-7.497604;0.4998403;0;5.003918;124.3156;103.514;0.008503212;7.215408;358.8654
/Users/carldgosselin/Desktop/robotics/Project 1 - RoboND-Rover-Project/carl_dataset/IMG/robocam_2018_03_11_19_03_45_399.jpg;-4.494978;0.2996652;0;5.001031;124.6125;103.5527;-0.001788496;6.226059;358.8988
/Users/carldgosselin/Desktop/robotics/Project 1 - RoboND-Rover-Project/carl_dataset/IMG/robocam_2018_03_11_19_03_45_466.jpg;-1.458465;0.09723103;0;4.994322;125.0092;103.5968;-0.004812455;5.461418;358.9172
/Users/carldgosselin/Desktop/robotics/Project 1 - RoboND-Rover-Project/carl_dataset/IMG/robocam_2018_03_11_19_03_45_533.jpg;0;0;0;4.981529;125.3061;103.6272;-0.004778358;5.249863;358.9431
/Users/carldgosselin/Desktop/robotics/Project 1 - RoboND-Rover-Project/carl_dataset/IMG/robocam_2018_03_11_19_03_45_599.jpg;0;0;0;4.964693;125.6019;103.6559;359.9762;5.177025;358.9708
/Users/carldgosselin/Desktop/robotics/Project 1 - RoboND-Rover-Project/carl_dataset/IMG/robocam_2018_03_11_19_03_45_665.jpg;0;0;0;4.942031;125.8966;103.6838;359.9477;5.16021;359.0206
/Users/carldgosselin/Desktop/robotics/Project 1 - RoboND-Rover-Project/carl_dataset/IMG/robocam_2018_03_11_19_03_45_732.jpg;0;0;0;4.925397;126.2876;103.7202;359.8839;5.160583;359.1119
/Users/carldgosselin/Desktop/robotics/Project 1 - RoboND-Rover-Project/carl_dataset/IMG/robocam_2018_03_11_19_03_45_799.jpg;0;0;0;4.908744;126.5795;103.7471;359.8216;5.165726;359.2015
/Users/carldgosselin/Desktop/robotics/Project 1 - RoboND-Rover-Project/carl_dataset/IMG/robocam_2018_03_11_19_03_45_865.jpg;0;0;0;4.886702;126.8701;103.7738;359.746;5.169426;359.3015
/Users/carldgosselin/Desktop/robotics/Project 1 - RoboND-Rover-Project/carl_dataset/IMG/robocam_2018_03_11_19_03_45_932.jpg;0;0;0;4.870094;127.2561;103.8092;359.6429;5.178734;359.4626
/Users/carldgosselin/Desktop/robotics/Project 1 - RoboND-Rover-Project/carl_dataset/IMG/robocam_2018_03_11_19_03_45_999.jpg;0;0;0;4.85373;127.5442;103.8354;359.5485;5.179474;359.5781
/Users/carldgosselin/Desktop/robotics/Project 1 - RoboND-Rover-Project/carl_dataset/IMG/robocam_2018_03_11_19_03_46_066.jpg;0;0;0;4.831427;127.8315;103.8618;359.4748;5.191521;359.7227
/Users/carldgosselin/Desktop/robotics/Project 1 - RoboND-Rover-Project/carl_dataset/IMG/robocam_2018_03_11_19_03_46_133.jpg;0;0;0;4.815045;128.2129;103.8964;359.3605;5.19458;359.8897
/Users/carldgosselin/Desktop/robotics/Project 1 - RoboND-Rover-Project/carl_dataset/IMG/robocam_2018_03_11_19_03_46_199.jpg;0;0;0;4.793337;128.4978;103.9221;359.2695;5.193954;0.002755565
/Users/carldgosselin/Desktop/robotics/Project 1 - RoboND-Rover-Project/carl_dataset/IMG/robocam_2018_03_11_19_03_46_266.jpg;0;0;0;4.775994;128.7825;103.9468;359.2226;5.170517;0.05206154
/Users/carldgosselin/Desktop/robotics/Project 1 - RoboND-Rover-Project/carl_dataset/IMG/robocam_2018_03_11_19_03_46_333.jpg;0;0;0;4.759017;129.1605;103.9804;359.1682;5.154381;0.1137202
/Users/carldgosselin/Desktop/robotics/Project 1 - RoboND-Rover-Project/carl_dataset/IMG/robocam_2018_03_11_19_03_46_400.jpg;0;0;0;4.742825;129.4436;104.005;359.1637;5.130501;0.109528
/Users/carldgosselin/Desktop/robotics/Project 1 - RoboND-Rover-Project/carl_dataset/IMG/robocam_2018_03_11_19_03_46_466.jpg;0;0;0;4.719546;129.7257;104.0299;359.1647;5.117371;0.1037247
/Users/carldgosselin/Desktop/robotics/Project 1 - RoboND-Rover-Project/carl_dataset/IMG/robocam_2018_03_11_19_03_46_532.jpg;0;0;0;4.703512;130.1001;104.0633;359.1544;5.111687;0.09987866
/Users/carldgosselin/Desktop/robotics/Project 1 - RoboND-Rover-Project/carl_dataset/IMG/robocam_2018_03_11_19_03_46_599.jpg;0;0;0;4.687552;130.38;104.0878;359.1581;5.100235;0.0722765
/Users/carldgosselin/Desktop/robotics/Project 1 - RoboND-Rover-Project/carl_dataset/IMG/robocam_2018_03_11_19_03_46_665.jpg;0;0;0;4.664709;130.6593;104.1123;359.1846;5.085686;0.02208346
/Users/carldgosselin/Desktop/robotics/Project 1 - RoboND-Rover-Project/carl_dataset/IMG/robocam_2018_03_11_19_03_46_732.jpg;0;0;0;4.648875;131.0298;104.1453;359.2031;5.080154;359.972
/Users/carldgosselin/Desktop/robotics/Project 1 - RoboND-Rover-Project/carl_dataset/IMG/robocam_2018_03_11_19_03_46_803.jpg;0;0;0;4.633124;131.3064;104.17;359.2056;5.0793;359.9403
/Users/carldgosselin/Desktop/robotics/Project 1 - RoboND-Rover-Project/carl_dataset/IMG/robocam_2018_03_11_19_03_46_866.jpg;0;0;0;4.612212;131.6741;104.2034;359.2313;5.096397;359.9461
/Users/carldgosselin/Desktop/robotics/Project 1 - RoboND-Rover-Project/carl_dataset/IMG/robocam_2018_03_11_19_03_46_932.jpg;0;0;0;4.595061;131.9488;104.2282;359.2576;5.10582;359.9611
/Users/carldgosselin/Desktop/robotics/Project 1 - RoboND-Rover-Project/carl_dataset/IMG/robocam_2018_03_11_19_03_46_999.jpg;0;0;0;4.579496;132.2224;104.2527;359.2713;5.1091;359.9715
/Users/carldgosselin/Desktop/robotics/Project 1 - RoboND-Rover-Project/carl_dataset/IMG/robocam_2018_03_11_19_03_47_066.jpg;0;0;0.1998181;4.548672;132.4938;104.277;359.249;5.110252;359.9807
/Users/carldgosselin/Desktop/robotics/Project 1 - RoboND-Rover-Project/carl_dataset/IMG/robocam_2018_03_11_19_03_47_133.jpg;0;0;0.4007939;4.485216;132.8472;104.3094;359.0961;5.133392;0.04692711
/Users/carldgosselin/Desktop/robotics/Project 1 - RoboND-Rover-Project/carl_dataset/IMG/robocam_2018_03_11_19_03_47_199.jpg;0;0;0.6005641;4.349399;133.1031;104.3315;358.8518;5.119781;0.03141589
/Users/carldgosselin/Desktop/robotics/Project 1 - RoboND-Rover-Project/carl_dataset/IMG/robocam_2018_03_11_19_03_47_266.jpg;0;0;0.8005711;4.212181;133.3509;104.3515;358.584;5.035065;359.9058
/Users/carldgosselin/Desktop/robotics/Project 1 - RoboND-Rover-Project/carl_dataset/IMG/robocam_2018_03_11_19_03_47_333.jpg;0;0;1;4.111217;133.6761;104.3821;358.5538;5.008682;359.9853
/Users/carldgosselin/Desktop/robotics/Project 1 - RoboND-Rover-Project/carl_dataset/IMG/robocam_2018_03_11_19_03_47_399.jpg;0;0;1;3.992723;133.9134;104.4031;358.6715;5.143486;0.009400921
/Users/carldgosselin/Desktop/robotics/Project 1 - RoboND-Rover-Project/carl_dataset/IMG/robocam_2018_03_11_19_03_47_466.jpg;0;0;1;3.789248;134.1399;104.423;358.7515;5.208687;359.9893
/Users/carldgosselin/Desktop/robotics/Project 1 - RoboND-Rover-Project/carl_dataset/IMG/robocam_2018_03_11_19_03_47_533.jpg;0;0;1;3.586109;134.4198;104.4481;358.6119;5.297775;359.9909
/Users/carldgosselin/Desktop/robotics/Project 1 - RoboND-Rover-Project/carl_dataset/IMG/robocam_2018_03_11_19_03_47_600.jpg;0;0;1;3.412574;134.6173;104.4664;358.4745;5.268394;0.008895045
/Users/carldgosselin/Desktop/robotics/Project 1 - RoboND-Rover-Project/carl_dataset/IMG/robocam_2018_03_11_19_03_47_666.jpg;0;0;1;3.21232;134.8724;104.489;358.4997;5.248138;359.988
/Users/carldgosselin/Desktop/robotics/Project 1 - RoboND-Rover-Project/carl_dataset/IMG/robocam_2018_03_11_19_03_47_733.jpg;0;0;1;3.088655;135.0588;104.5062;358.7345;5.185425;0.01473882
/Users/carldgosselin/Desktop/robotics/Project 1 - RoboND-Rover-Project/carl_dataset/IMG/robocam_2018_03_11_19_03_47_799.jpg;0;0;1;2.905565;135.2299;104.5212;358.7772;5.164368;0.005913516
/Users/carldgosselin/Desktop/robotics/Project 1 - RoboND-Rover-Project/carl_dataset/IMG/robocam_2018_03_11_19_03_47_866.jpg;0;0;1;2.645082;135.3851;104.5347;358.6197;5.151978;-0.005371955
/Users/carldgosselin/Desktop/robotics/Project 1 - RoboND-Rover-Project/carl_dataset/IMG/robocam_2018_03_11_19_03_47_933.jpg;0;0;0;2.592235;135.5902;104.5531;358.695;5.147308;0.01213522
/Users/carldgosselin/Desktop/robotics/Project 1 - RoboND-Rover-Project/carl_dataset/IMG/robocam_2018_03_11_19_03_47_999.jpg;0;0;0.1997041;2.507613;135.7436;104.5662;358.9463;5.12841;359.9816
/Users/carldgosselin/Desktop/robotics/Project 1 - RoboND-Rover-Project/carl_dataset/IMG/robocam_2018_03_11_19_03_48_066.jpg;0;0;0.400521;2.427848;135.939;104.584;359.1333;5.125427;8.4133E-05
/Users/carldgosselin/Desktop/robotics/Project 1 - RoboND-Rover-Project/carl_dataset/IMG/robocam_2018_03_11_19_03_48_133.jpg;0;0;0;2.362105;136.0808;104.5967;359.1786;5.124985;0.009311011
/Users/carldgosselin/Desktop/robotics/Project 1 - RoboND-Rover-Project/carl_dataset/IMG/robocam_2018_03_11_19_03_48_199.jpg;0;0;0;2.354071;136.2222;104.6093;359.227;5.12487;0.01735191
/Users/carldgosselin/Desktop/robotics/Project 1 - RoboND-Rover-Project/carl_dataset/IMG/robocam_2018_03_11_19_03_48_265.jpg;0;0;0;2.343255;136.3631;104.6219;359.2767;5.124825;0.02428488
/Users/carldgosselin/Desktop/robotics/Project 1 - RoboND-Rover-Project/carl_dataset/IMG/robocam_2018_03_11_19_03_48_332.jpg;0;0;0;2.334608;136.5506;104.6385;359.368;5.117355;0.006899336
/Users/carldgosselin/Desktop/robotics/Project 1 - RoboND-Rover-Project/carl_dataset/IMG/robocam_2018_03_11_19_03_48_399.jpg;0;0;0;2.326604;136.6906;104.651;359.4302;5.116821;-0.0003597766
/Users/carldgosselin/Desktop/robotics/Project 1 - RoboND-Rover-Project/carl_dataset/IMG/robocam_2018_03_11_19_03_48_465.jpg;0;0;0;2.316045;136.83;104.6635;359.4861;5.116745;359.9932
/Users/carldgosselin/Desktop/robotics/Project 1 - RoboND-Rover-Project/carl_dataset/IMG/robocam_2018_03_11_19_03_48_532.jpg;0;0;0;2.308185;137.0149;104.6801;359.5494;5.116737;359.9857
/Users/carldgosselin/Desktop/robotics/Project 1 - RoboND-Rover-Project/carl_dataset/IMG/robocam_2018_03_11_19_03_48_599.jpg;0;0;0;2.300371;137.1529;104.6925;359.5877;5.116745;359.9811
/Users/carldgosselin/Desktop/robotics/Project 1 - RoboND-Rover-Project/carl_dataset/IMG/robocam_2018_03_11_19_03_48_665.jpg;0;0;0;2.290012;137.2903;104.7048;359.6179;5.116737;359.9772
/Users/carldgosselin/Desktop/robotics/Project 1 - RoboND-Rover-Project/carl_dataset/IMG/robocam_2018_03_11_19_03_48_732.jpg;0;0;0;2.282284;137.4725;104.7211;359.6457;5.11673;359.9733
/Users/carldgosselin/Desktop/robotics/Project 1 - RoboND-Rover-Project/carl_dataset/IMG/robocam_2018_03_11_19_03_48_799.jpg;0;0;0;2.274585;137.6085;104.7333;359.6576;5.116745;359.9713
/Users/carldgosselin/Desktop/robotics/Project 1 - RoboND-Rover-Project/carl_dataset/IMG/robocam_2018_03_11_19_03_48_865.jpg;0;0;0.09958184;2.264276;137.7438;104.7455;359.6657;5.119682;359.9777
/Users/carldgosselin/Desktop/robotics/Project 1 - RoboND-Rover-Project/carl_dataset/IMG/robocam_2018_03_11_19_03_48_932.jpg;0;0;0.3004829;2.226553;137.9185;104.7614;359.569;5.12484;-0.004419924
/Users/carldgosselin/Desktop/robotics/Project 1 - RoboND-Rover-Project/carl_dataset/IMG/robocam_2018_03_11_19_03_48_999.jpg;0;0;0;2.176234;138.0466;104.7727;359.4605;5.123703;0.004999867
/Users/carldgosselin/Desktop/robotics/Project 1 - RoboND-Rover-Project/carl_dataset/IMG/robocam_2018_03_11_19_03_49_065.jpg;0;0;0;2.165652;138.1746;104.7841;359.3784;5.120789;0.0065444
/Users/carldgosselin/Desktop/robotics/Project 1 - RoboND-Rover-Project/carl_dataset/IMG/robocam_2018_03_11_19_03_49_133.jpg;0;0;0;2.157743;138.3453;104.7992;359.3141;5.114487;-0.00538807
/Users/carldgosselin/Desktop/robotics/Project 1 - RoboND-Rover-Project/carl_dataset/IMG/robocam_2018_03_11_19_03_49_199.jpg;0;0;0;2.149917;138.4731;104.8106;359.2834;5.11377;359.9893
/Users/carldgosselin/Desktop/robotics/Project 1 - RoboND-Rover-Project/carl_dataset/IMG/robocam_2018_03_11_19_03_49_266.jpg;0;0;0;2.139575;138.6009;104.8223;359.2788;5.120468;0.002241013
/Users/carldgosselin/Desktop/robotics/Project 1 - RoboND-Rover-Project/carl_dataset/IMG/robocam_2018_03_11_19_03_49_333.jpg;0;0;0;2.131867;138.7708;104.8376;359.2904;5.12249;0.01570114
/Users/carldgosselin/Desktop/robotics/Project 1 - RoboND-Rover-Project/carl_dataset/IMG/robocam_2018_03_11_19_03_49_399.jpg;0;0;0;2.122026;138.8979;104.849;359.3056;5.122612;0.02378011
/Users/carldgosselin/Desktop/robotics/Project 1 - RoboND-Rover-Project/carl_dataset/IMG/robocam_2018_03_11_19_03_49_466.jpg;0;0;0;2.114139;139.025;104.8601;359.3441;5.116241;0.01157099
/Users/carldgosselin/Desktop/robotics/Project 1 - RoboND-Rover-Project/carl_dataset/IMG/robocam_2018_03_11_19_03_49_533.jpg;0;0;0;2.106842;139.1936;104.8752;359.3952;5.115341;0.003736668
/Users/carldgosselin/Desktop/robotics/Project 1 - RoboND-Rover-Project/carl_dataset/IMG/robocam_2018_03_11_19_03_49_599.jpg;0;0;0;2.099609;139.3196;104.8865;359.4327;5.11528;-0.001417387
/Users/carldgosselin/Desktop/robotics/Project 1 - RoboND-Rover-Project/carl_dataset/IMG/robocam_2018_03_11_19_03_49_666.jpg;0;0;0;2.090034;139.4451;104.8977;359.4683;5.11528;359.9939
